album,artist,count
OK Computer,Radiohead,42
Kid A,Radiohead,31
Blue Train,John Coltrane,28
Kind of Blue,Miles Davis,40
A Love Supreme,John Coltrane,22
Dummy,Portishead,19
Mezzanine,Massive Attack,24
Homogenic,Björk,18
Discovery,Daft Punk,33
Random Access Memories,Daft Punk,21
In Rainbows,Radiohead,27
To Pimp a Butterfly,Kendrick Lamar,30
Blond,Frank Ocean,26
Channel Orange,Frank Ocean,17
Currents,Tame Impala,23
Lonerism,Tame Impala,15
Lemonade,Beyoncé,20
Blackstar,David Bowie,16
The Queen Is Dead,The Smiths,14
Unknown Pleasures,Joy Division,18
Violator,Depeche Mode,13
Selected Ambient Works 85-92,Aphex Twin,12
Endtroducing.....,DJ Shadow,11
Midnight Marauders,A Tribe Called Quest,19
Illmatic,Nas,21
Enter the Wu-Tang (36 Chambers),Wu-Tang Clan,18
The Low End Theory,A Tribe Called Quest,17
Vespertine,Björk,14
Silent Shout,The Knife,9
Sound of Silver,LCD Soundsystem,16
This Is Happening,LCD Soundsystem,12
Yoshimi Battles the Pink Robots,The Flaming Lips,10
Either/Or,Elliott Smith,13
Figure 8,Elliott Smith,8
For Emma Forever Ago,Bon Iver,15
A Moon Shaped Pool,Radiohead,18
Magdalene,FKA twigs,11
Punisher,Phoebe Bridgers,14
Fetch the Bolt Cutters,Fiona Apple,12
Hejira,Joni Mitchell,10
Blue,Joni Mitchell,16
The Miseducation of Lauryn Hill,Lauryn Hill,19
Voodoo,D'Angelo,13
Blonde on Blonde,Bob Dylan,11
Highway 61 Revisited,Bob Dylan,12
Trans-Europe Express,Kraftwerk,9
